id,team name
1,Team Orion 001
2,Team Orion 002
3,Team Orion 003
4,Team Orion 004
5,Team Orion 005
6,Team Orion 006
7,Team Orion 007
8,Team Orion 008
9,Team Orion 009
10,Team Orion 010
11,Team Orion 011
12,Team Orion 012
13,Team Orion 013
14,Team Orion 014
15,Team Orion 015
16,Team Orion 016
17,Team Orion 017
18,Team Orion 018
19,Team Orion 019
20,Team Orion 020
21,Team Orion 021
22,Team Orion 022
23,Team Orion 023
24,Team Orion 024
25,Team Orion 025
26,Team Orion 026
27,Team Orion 027
28,Team Orion 028
29,Team Orion 029
30,Team Orion 030
31,Team Orion 031
32,Team Orion 032
33,Team Orion 033
34,Team Orion 034
35,Team Orion 035
36,Team Orion 036
37,Team Orion 037
38,Team Orion 038
39,Team Orion 039
40,Team Orion 040
41,Team Orion 041
42,Team Orion 042
43,Team Orion 043
44,Team Orion 044
45,Team Orion 045
46,Team Orion 046
47,Team Orion 047
48,Team Orion 048
49,Team Orion 049
50,Team Orion 050
51,Team Orion 051
52,Team Orion 052
53,Team Orion 053
54,Team Orion 054
55,Team Orion 055
56,Team Orion 056
57,Team Orion 057
58,Team Orion 058
59,Team Orion 059
60,Team Orion 060
61,Team Orion 061
62,Team Orion 062
63,Team Orion 063
64,Team Orion 064
65,Team Orion 065
66,Team Orion 066
67,Team Orion 067
68,Team Orion 068
69,Team Orion 069
70,Team Orion 070
71,Team Orion 071
72,Team Orion 072
73,Team Orion 073
74,Team Orion 074
75,Team Orion 075
76,Team Orion 076
77,Team Orion 077
78,Team Orion 078
79,Team Orion 079
80,Team Orion 080
81,Team Orion 081
82,Team Orion 082
83,Team Orion 083
84,Team Orion 084
85,Team Orion 085
86,Team Orion 086
87,Team Orion 087
88,Team Orion 088
89,Team Orion 089
90,Team Orion 090
91,Team Orion 091
92,Team Orion 092
93,Team Orion 093
94,Team Orion 094
95,Team Orion 095
96,Team Orion 096
97,Team Orion 097
98,Team Orion 098
99,Team Orion 099
100,Team Orion 100
